Title,Image
Defending Europe Without the United States: Costs and Consequences,https://www.iiss.org/globalassets/media-library---content--migration/images-delta/comment/research-papers/2025/05/defending-europe-without-the-united-states/iiss_defending-europe-without-the-united-states_costs-and-consequences_866-486.png
India–Pakistan drone and missile conflict: differing and disputed narratives,https://www.iiss.org/globalassets/media-library---content--migration/images-delta/comment/analysis/2025/may/oa_india-pakistan-relations_15052025.png
,https://www.iiss.org/globalassets/media-library---content--migration/images-delta/comment/military-balance-blog/2025/05/09.05.25.jpg
,https://www.iiss.org/globalassets/media-library---content--migration/images-delta/comment/analysis/2025/may/886x486-95.png
,https://www.iiss.org/globalassets/media-library---content--migration/images-delta/comment/strategic-comment/2025/05/886x486-94.png
,https://www.iiss.org/globalassets/media-library---content--migration/images-delta/comment/analysis/2025/may/886x486-93.png
,https://www.iiss.org/contentassets/b58832c86ac349b6bfd7f9f762b4bb55/30.04.jpg
,https://www.iiss.org/globalassets/media-library---content--migration/images-delta/comment/mdi-blog/2025/05/886x486-92.png
,https://www.iiss.org/globalassets/media-library---content--migration/images-delta/comment/research-papers/2025/05/untitled-1.png
,https://www.iiss.org/globalassets/media-library---content--migration/images-delta/comment/strategic-comment/2025/05/886x486-91.png
,https://www.iiss.org/globalassets/media-library---content--migration/images-delta/comment/analysis/2025/may/886x486-87.png
,https://www.iiss.org/globalassets/media-library---content--migration/images-delta/comment/mdi-blog/2025/04/886x486-86.png
,https://www.iiss.org/globalassets/media-library---content--migration/images-delta/charting/cyberspace/2025/04/ccs_042025_866-486.png
,https://www.iiss.org/globalassets/media-library---content--migration/images-delta/comment/analysis/2025/apr/886x486-79.png
Converging cyberspace threats in the Asia-Pacific,https://www.iiss.org/globalassets/media-library---content--migration/images-delta/comment/analysis/2025/may/886x486.png
The Evolving Dynamics of China’s Middle East and North Africa Strategy: Future Scenarios,https://www.iiss.org/globalassets/media-library---content--migration/images-delta/comment/research-papers/2025/05/r_chinas-middle-east-and-north-africa-strategy_866-486_.png
,https://www.iiss.org/globalassets/media-library---content--migration/images-delta/comment/research-papers/2025/03/a-european-reassurance-force-for-ukraine_-options-and-challenges_866-486_1.png
,https://www.iiss.org/globalassets/media-library---content--migration/images-delta/comment/research-papers/2025/03/iiss_critical-materials-and-european-defence_844-486.png
,https://www.iiss.org/globalassets/media-library---content--migration/images-delta/comment/research-papers/04/886x486-66.png
,https://www.iiss.org/globalassets/media-library---content--migration/images-delta/comment/research-papers/2025/02/886x486-29.png
,https://www.iiss.org/globalassets/media-library---content--migration/images-delta/comment/research-papers/2025/01/russias_shadow-fleet_and-sanctions-evasion_866-486.png
,https://www.iiss.org/globalassets/media-library---content--migration/images-delta/comment/research-papers/2025/01/886x486-15.png
IISS Shangri-La Dialogue 2025,https://www.iiss.org/contentassets/4553a0ba739a4503ad2457104f584ace/sld-2025_thumbnail-866x486.png
The looming transatlantic trade war,https://www.iiss.org/globalassets/media-library---content--migration/images-delta/comment/strategic-comment/2025/05/886x486-96.png
,https://www.iiss.org/globalassets/media-library---content--migration/images-delta/comment/strategic-comment/2025/05/886x486-88.png
,https://www.iiss.org/globalassets/media-library---content--migration/images-delta/publications/strategic-comments/2024/07/886x486-36.png
From pledges to capabilities: Europe’s defence spending and Germany’s strategic shift,https://www.iiss.org/globalassets/media-library---content--migration/images-delta/comment/podcast/2025/sounds-strategic/soundsstrategic_2025_ep2_866x486_social---thematic-no-title.png
,https://www.iiss.org/globalassets/media-library---content--migration/images-delta/podcast/arms-control-poseur/arms_control_poseur_social_s4_e6_866x486---thematic_no_title.png
,https://www.iiss.org/globalassets/media-library---content--migration/images-delta/podcast/arms-control-poseur/arms_control_poseur_social_s4_e5_866x486---thematic_no_title.png
,https://www.iiss.org/globalassets/media-library---content--migration/images-delta/comment/podcast/2025/japan-memo/japan-memo-podcast-s5_ep2_social_866x486---thematic-no-title.png
,https://www.iiss.org/globalassets/media-library---content--migration/images-delta/podcast/arms-control-poseur/arms_control_poseur_social_s4_e4_866x486---thematic_no_title-1.png
,https://www.iiss.org/globalassets/media-library---content--migration/files/podcast/sounds-strategic/2025/02/soundsstrategic_2025_ep1_866x486_social---thematic_no-title.png
,https://www.iiss.org/globalassets/media-library---content--migration/files/podcast/acp/2025/02/arms_control_poseur_social_s4_e2_866x486---thematic_no_title.png
Military Balance+,https://www.iiss.org/globalassets/media-library---content--migration/images/publications/military-balance-plus/mbplus-laptop.png
