Title,Image
Romania’s Right-Shift: The Economy is the “Bear” in the Room,https://03441788-8038-4e52-ad4a-ff0a9d321238.selcdn.net/wp-content/uploads/2025/05/george-simion-400x225.jpg
Israel crosses “red lines”,https://03441788-8038-4e52-ad4a-ff0a9d321238.selcdn.net/wp-content/uploads/2025/05/israel-hamas-war-400x225.jpeg
China and Russia Readying Moon Station - Europe Planning to Plan Other Stuff,https://03441788-8038-4e52-ad4a-ff0a9d321238.selcdn.net/wp-content/uploads/2025/05/nuclear-reactor-on-the-moon-300x169.jpg
The Battle for Infrastructure: China vs. the West in Southeast Asia,https://03441788-8038-4e52-ad4a-ff0a9d321238.selcdn.net/wp-content/uploads/2025/05/china-vs-the-west-300x188.jpeg
Victory Parade in Moscow: the coalition of the future,
"Russophobia and Nazism: the West unmasked on May 9, 2025",
"Amid Russophobia and Political Calculation, EU Boycotts Moscow's 80th WWII Anniversary Parade",
Andrey DENISOV: “Historical truth should not give way to opportunistic interpretations”,
Fascism: Our Common Enemy,https://03441788-8038-4e52-ad4a-ff0a9d321238.selcdn.net/wp-content/uploads/2025/05/risunok1-4-400x225.png
History is a good advisor,https://03441788-8038-4e52-ad4a-ff0a9d321238.selcdn.net/wp-content/uploads/2025/05/risunok1-1-300x169.jpg
Weaponizing Memory: EU Pressure Over Moscow’s May 9th Victory Celebrations. Part 2,
How Soviet Victory Over Nazism crushed Ideological Racism and Inspired Fight Against Colonialism,
Israel plans on forcibly deporting Arabs from Gaza,https://03441788-8038-4e52-ad4a-ff0a9d321238.selcdn.net/wp-content/uploads/2025/05/israeli-forces-in-palestina-400x225.png
Türkiye and Israel Seek to Avoid Military Confrontation in Syria,https://03441788-8038-4e52-ad4a-ff0a9d321238.selcdn.net/wp-content/uploads/2025/04/cjhlhs35og2bu-300x169.jpg
New Syria – New Challenges. Part 2,
Who Gets to Be Human? The “Moral Dilemma” at the Heart of the Ongoing Palestinian Genocide,
Zimbabwe Deserves a Place in BRICS,https://03441788-8038-4e52-ad4a-ff0a9d321238.selcdn.net/wp-content/uploads/2025/04/russia_africa_summit-1-400x225.jpg
What are the chances of Senegal joining BRICS?,https://03441788-8038-4e52-ad4a-ff0a9d321238.selcdn.net/wp-content/uploads/2025/04/88cd07900-300x169.jpg
The expulsion of the South African ambassador by the United States and its geopolitical repercussions,
Indonesia's Accession to BRICS: The Non-Western World Continues to Consolidate,
Political changes in Tigray: temporary calm?,
Pakistan’s Burgeoning Strategic Partnership with Belarus,
Western Attempts to Divide Backfire,
US War on Yemen Exposes Limits of American Military Might,
Development of Russia–North Korea Cooperation: Bridge Construction Begins,
Trade relations between South Korea and Turkmenistan deepen,
Corruption Without Borders: Hong Kong and Thailand Investigate Bribes from Western Corporations,
The foundations of Russo-Guinean cooperation - Part 2: economic and mining partnerships,
Europe’s Security Plans Are Taking it Nowhere,
"Sudan: A Forgotten Hell, Immense Suffering, and Global Indifference",
"US Ditching Ukraine “Peace Talks,” Predictable Continuity of Agenda Follows",
A Major Terrorist Attack in Indian Kashmir,
Climate Refugees: The Next Great Humanitarian Challenge?,
Russophobia: A “Will” of Peter the Great or a Polish “Memo” to Napoleon?,
Why does the commemoration of the end of the Second World War still concern us and why?,
May 7 – Vietnam's Victory Day,
